Year,Number of Total Jobs,Average Salary in USD
2020,75,102250.86666666667
2021,218,99922.07339449541
2022,1655,134349.50090634442
2023,8519,153732.66463199907
2024,6027,150643.2548531608
